web-scraper-order,web-scraper-start-url,containers_links,containers_links-href,marque,annee,prix,adresse,proprietaire
"1752626580-1","https://dakar-auto.com/senegal/location-de-voitures-19?&page=8","Ford Fusion 2013","https://dakar-auto.com/senegal/location-de-voitures/occasion/location-de-voitures-1/ford/fusion/annonce-134587","Ford Fusion 2013 Dakar","Année: 2013","30 000 F CFA","Sicap Liberté                    
                
                                    
                        Dakar","KINGCARS  Service"
"1752626583-2","https://dakar-auto.com/senegal/location-de-voitures-19?&page=8","Ford Explorer 2012","https://dakar-auto.com/senegal/location-de-voitures/occasion/location-de-voitures-1/ford/explorer/annonce-134586","Ford Explorer 2012 Dakar","Année: 2012","40 000 F CFA","Sicap Liberté                    
                
                                    
                        Dakar","KINGCARS  Service"
"1752626588-3","https://dakar-auto.com/senegal/location-de-voitures-19?&page=8","Hyundai Elantra 2017","https://dakar-auto.com/senegal/location-de-voitures/occasion/location-de-voitures-1/hyundai/elantra/annonce-134581","Hyundai Elantra 2017 Dakar","Année: 2017","35 000 F CFA","Yoff                    
                
                                    
                        Dakar","Abdia Sn"
"1752626593-4","https://dakar-auto.com/senegal/location-de-voitures-19?&page=8","Dodge Journey 2012","https://dakar-auto.com/senegal/location-de-voitures/occasion/location-de-voitures-1/dodge/journey/annonce-134585","Dodge Journey 2012 Dakar","Année: 2012","30 000 F CFA","Yoff                    
                
                                    
                        Dakar","A vos  services"
"1752626596-5","https://dakar-auto.com/senegal/location-de-voitures-19?&page=8","Hyundai Elantra 2016","https://dakar-auto.com/senegal/location-de-voitures/occasion/location-de-voitures-1/hyundai/elantra/annonce-134584","Hyundai Elantra 2016 Dakar","Année: 2016","20 000 F CFA","Yoff                    
                
                                    
                        Dakar","A vos  services"
"1752626600-6","https://dakar-auto.com/senegal/location-de-voitures-19?&page=8","Mazda cx5 2013","https://dakar-auto.com/senegal/location-de-voitures/occasion/location-de-voitures-1/mazda/cx5/annonce-134579","Mazda cx5 2013 Dakar","Année: 2013","30 000 F CFA","Yoff                    
                
                                    
                        Dakar","A vos  services"
"1752626604-7","https://dakar-auto.com/senegal/location-de-voitures-19?&page=8","Chevrolet Equinox 2012","https://dakar-auto.com/senegal/location-de-voitures/occasion/location-de-voitures-1/chevrolet/equinox/annonce-134578","Chevrolet Equinox 2012 Dakar","Année: 2012","30 000 F CFA","Yoff                    
                
                                    
                        Dakar","A vos  services"
"1752626608-8","https://dakar-auto.com/senegal/location-de-voitures-19?&page=8","Dodge Dart 2013","https://dakar-auto.com/senegal/location-de-voitures/occasion/location-de-voitures-1/dodge/dart/annonce-134577","Dodge Dart 2013 Dakar","Année: 2013","20 000 F CFA","Yoff                    
                
                                    
                        Dakar","A vos  services"
"1752626612-9","https://dakar-auto.com/senegal/location-de-voitures-19?&page=8","Citroen C3 2019","https://dakar-auto.com/senegal/location-de-voitures/occasion/location-de-voitures-1/citroen/c3/annonce-134576","Citroen C3 2019 Dakar","Année: 2019","25 000 F CFA","Yoff                    
                
                                    
                        Dakar","A vos  services"
"1752626616-10","https://dakar-auto.com/senegal/location-de-voitures-19?&page=8","Mazda Cx-5 2013","https://dakar-auto.com/senegal/location-de-voitures/occasion/location-de-voitures-1/mazda/cx-5/annonce-134575","Mazda Cx-5 2013 Dakar","Année: 2013","30 000 F CFA","Yoff                    
                
                                    
                        Dakar","A vos  services"
"1752626619-11","https://dakar-auto.com/senegal/location-de-voitures-19?&page=8","Nissan Juke 2012","https://dakar-auto.com/senegal/location-de-voitures/occasion/location-de-voitures-1/nissan/juke/annonce-134574","Nissan Juke 2012 Dakar","Année: 2012","25 000 F CFA","Yoff                    
                
                                    
                        Dakar","A vos  services"
"1752626622-12","https://dakar-auto.com/senegal/location-de-voitures-19?&page=8","Ford Fusion 2017","https://dakar-auto.com/senegal/location-de-voitures/occasion/location-de-voitures-1/ford/fusion/annonce-134580","Ford Fusion 2017 Dakar","Année: 2017","25 000 F CFA","Ouest Foire                    
                
                                    
                        Dakar","Logivit  Express"
"1752626627-13","https://dakar-auto.com/senegal/location-de-voitures-19?&page=8","Ford Fusion 2017","https://dakar-auto.com/senegal/location-de-voitures/occasion/location-de-voitures-1/ford/fusion/annonce-134582","Ford Fusion 2017 Dakar","Année: 2017","30 000 F CFA","Point-E                    
                
                                    
                        Dakar","Ousmane diagne"
"1752626631-14","https://dakar-auto.com/senegal/location-de-voitures-19?&page=8","Hyundai Sonata 2014","https://dakar-auto.com/senegal/location-de-voitures/occasion/location-de-voitures-1/hyundai/sonata/annonce-134593","Hyundai Sonata 2014 Dakar","Année: 2014","25 000 F CFA","Médina                    
                
                                    
                        Dakar","Kena Impact  Groupes"
"1752626634-15","https://dakar-auto.com/senegal/location-de-voitures-19?&page=8","Mercedes Sprinter 2016","https://dakar-auto.com/senegal/location-de-voitures/occasion/location-de-voitures-1/mercedes/sprinter/annonce-134592","Mercedes Sprinter 2016 Dakar","Année: 2016","15 000 F CFA","Hann Bel-Air                    
                
                                    
                        Dakar","Kena Impact  Groupes"
"1752626637-16","https://dakar-auto.com/senegal/location-de-voitures-19?&page=8","Ford Transit 2016","https://dakar-auto.com/senegal/location-de-voitures/occasion/location-de-voitures-1/ford/transit/annonce-134591","Ford Transit 2016 Dakar","Année: 2016","60 000 F CFA","Médina                    
                
                                    
                        Dakar","Kena Impact  Groupes"
"1752626643-17","https://dakar-auto.com/senegal/location-de-voitures-19?&page=7","Ford ESCAPE-SE 2013","https://dakar-auto.com/senegal/location-de-voitures/occasion/location-de-voitures-1/ford/escape-se/annonce-134589","Ford ESCAPE-SE 2013 Dakar","Année: 2013","40 000 F CFA","Sicap Liberté                    
                
                                    
                        Dakar","KINGCARS  Service"
"1752626646-18","https://dakar-auto.com/senegal/location-de-voitures-19?&page=7","Peugeot 308 2012","https://dakar-auto.com/senegal/location-de-voitures/occasion/location-de-voitures-1/peugeot/308/annonce-134588","Peugeot 308 2012 Dakar","Année: 2012","25 000 F CFA","Sicap Liberté                    
                
                                    
                        Dakar","KINGCARS  Service"
"1752626649-19","https://dakar-auto.com/senegal/location-de-voitures-19?&page=7","Toyota Hiace 2020","https://dakar-auto.com/senegal/location-de-voitures/occasion/location-de-voitures-1/toyota/hiace/annonce-134599","Toyota Hiace 2020 Dakar","Année: 2020","NC","Mermoz Sacré-Coeur                    
                
                                    
                        Dakar","Mapauto sn"
"1752626652-20","https://dakar-auto.com/senegal/location-de-voitures-19?&page=7","Mercedes Viano 2010","https://dakar-auto.com/senegal/location-de-voitures/occasion/location-de-voitures-1/mercedes/viano/annonce-134598","Mercedes Viano 2010 Dakar","Année: 2010","NC","Mermoz Sacré-Coeur                    
                
                                    
                        Dakar","Mapauto sn"
"1752626655-21","https://dakar-auto.com/senegal/location-de-voitures-19?&page=7","Peugeot 508 2016","https://dakar-auto.com/senegal/location-de-voitures/occasion/location-de-voitures-1/peugeot/508/annonce-134597","Peugeot 508 2016 Dakar","Année: 2016","NC","Mermoz Sacré-Coeur                    
                
                                    
                        Dakar","Mapauto sn"
"1752626658-22","https://dakar-auto.com/senegal/location-de-voitures-19?&page=7","Renault Master 2017","https://dakar-auto.com/senegal/location-de-voitures/occasion/location-de-voitures-1/renault/master/annonce-134618","Renault Master 2017 Dakar","Année: 2017","NC","Yoff                    
                
                                    
                        Dakar","A vos  services"
"1752626661-23","https://dakar-auto.com/senegal/location-de-voitures-19?&page=7","Nissan Juke 2012","https://dakar-auto.com/senegal/location-de-voitures/occasion/location-de-voitures-1/nissan/juke/annonce-134619","Nissan Juke 2012 Dakar","Année: 2012","25 000 F CFA","Yoff                    
                
                                    
                        Dakar","A vos  services"
"1752626665-24","https://dakar-auto.com/senegal/location-de-voitures-19?&page=7","Volkswagen Jetta 2016","https://dakar-auto.com/senegal/location-de-voitures/occasion/location-de-voitures-1/volkswagen/jetta/annonce-134682","Volkswagen Jetta 2016 Dakar","Année: 2016","20 000 F CFA","Plateau                    
                
                                    
                        Dakar","Senegal TCS  ventes et locations"
"1752626668-25","https://dakar-auto.com/senegal/location-de-voitures-19?&page=7","Land Rover range-rover-sport 2020","https://dakar-auto.com/senegal/location-de-voitures/occasion/location-de-voitures-1/land-rover/range-rover-sport/annonce-134738","Land Rover range-rover-sport 2020 Dakar","Année: 2020","150 000 F CFA","Mermoz Sacré-Coeur                    
                
                                    
                        Dakar","Mapauto sn"
"1752626672-26","https://dakar-auto.com/senegal/location-de-voitures-19?&page=7","Mercedes Classe S 500 2018","https://dakar-auto.com/senegal/location-de-voitures/occasion/location-de-voitures-1/mercedes/classe-s-500/annonce-134739","Mercedes Classe S 500 2018 Dakar","Année: 2018","170 000 F CFA","Mermoz Sacré-Coeur                    
                
                                    
                        Dakar","Mapauto sn"
"1752626675-27","https://dakar-auto.com/senegal/location-de-voitures-19?&page=7","Mercedes Viano 2010","https://dakar-auto.com/senegal/location-de-voitures/occasion/location-de-voitures-1/mercedes/viano/annonce-134740","Mercedes Viano 2010 Dakar","Année: 2010","NC","Mermoz Sacré-Coeur                    
                
                                    
                        Dakar","Mapauto sn"
"1752626678-28","https://dakar-auto.com/senegal/location-de-voitures-19?&page=7","Nissan ROGUE 2016","https://dakar-auto.com/senegal/location-de-voitures/occasion/location-de-voitures-1/nissan/rogue/annonce-134801","Nissan ROGUE 2016 Dakar","Année: 2016","40 000 F CFA","Hann Bel-Air                    
                
                                    
                        Dakar","PAPA ."
"1752626681-29","https://dakar-auto.com/senegal/location-de-voitures-19?&page=7","Ford Flex-limited 2019","https://dakar-auto.com/senegal/location-de-voitures/occasion/location-de-voitures-1/ford/flex-limited/annonce-134803","Ford Flex-limited 2019 Dakar","Année: 2019","60 000 F CFA","Hann Bel-Air                    
                
                                    
                        Dakar","PAPA ."
"1752626684-30","https://dakar-auto.com/senegal/location-de-voitures-19?&page=7","Ford ESCAPE-SE 2014","https://dakar-auto.com/senegal/location-de-voitures/occasion/location-de-voitures-1/ford/escape-se/annonce-134671","Ford ESCAPE-SE 2014 Dakar","Année: 2014","40 000 F CFA","Ouest Foire                    
                
                                    
                        Dakar","Optimus Debugger"
"1752626688-31","https://dakar-auto.com/senegal/location-de-voitures-19?&page=7","Ford ESCAPE-SE 2017","https://dakar-auto.com/senegal/location-de-voitures/occasion/location-de-voitures-1/ford/escape-se/annonce-134842","Ford ESCAPE-SE 2017 Dakar","Année: 2017","35 000 F CFA","Grand-Yoff                    
                
                                    
                        Dakar","Transcar via  Sénégal"
"1752626691-32","https://dakar-auto.com/senegal/location-de-voitures-19?&page=7","Ford Edge 2013","https://dakar-auto.com/senegal/location-de-voitures/occasion/location-de-voitures-1/ford/edge/annonce-134856","Ford Edge 2013 Dakar","Année: 2013","35 000 F CFA","Mermoz Sacré-Coeur                    
                
                                    
                        Dakar","A-T Auto"
"1752626694-33","https://dakar-auto.com/senegal/location-de-voitures-19?&page=7","Volkswagen Jetta 2018","https://dakar-auto.com/senegal/location-de-voitures/occasion/location-de-voitures-1/volkswagen/jetta/annonce-134894","Volkswagen Jetta 2018 Dakar","Année: 2018","20 000 F CFA","Grand-Dakar                    
                
                                    
                        Dakar","A vos  services"
"1752626700-34","https://dakar-auto.com/senegal/location-de-voitures-19?&page=7","Hyundai Sonata 2015","https://dakar-auto.com/senegal/location-de-voitures/occasion/location-de-voitures-1/hyundai/sonata/annonce-134908","Hyundai Sonata 2015 Dakar","Année: 2015","40 000 F CFA","Yoff                    
                
                                    
                        Dakar","Abdia ..."
"1752626704-35","https://dakar-auto.com/senegal/location-de-voitures-19?&page=7","Mitsubishi Outlander 2015","https://dakar-auto.com/senegal/location-de-voitures/occasion/location-de-voitures-1/mitsubishi/outlander/annonce-134914","Mitsubishi Outlander 2015 Dakar","Année: 2015","35 000 F CFA","Yoff                    
                
                                    
                        Dakar","A vos  services"
"1752626712-36","https://dakar-auto.com/senegal/location-de-voitures-19?&page=6","Ford ESCAPE-SE 2016","https://dakar-auto.com/senegal/location-de-voitures/occasion/location-de-voitures-1/ford/escape-se/annonce-134918","Ford ESCAPE-SE 2016 Dakar","Année: 2016","35 000 F CFA","Grand-Yoff                    
                
                                    
                        Dakar","Transcar via  Sénégal"
"1752626715-37","https://dakar-auto.com/senegal/location-de-voitures-19?&page=6","Nissan Pathfinder 2016","https://dakar-auto.com/senegal/location-de-voitures/occasion/location-de-voitures-1/nissan/pathfinder/annonce-134922","Nissan Pathfinder 2016 Dakar","Année: 2016","40 000 F CFA","Ouakam                    
                
                                    
                        Dakar","LOCA VOITURE  DAKAR"
"1752626718-38","https://dakar-auto.com/senegal/location-de-voitures-19?&page=6","Hyundai Elantra 2016","https://dakar-auto.com/senegal/location-de-voitures/occasion/location-de-voitures-1/hyundai/elantra/annonce-134934","Hyundai Elantra 2016 Dakar","Année: 2016","25 000 F CFA","Yoff                    
                
                                    
                        Dakar","MBD  VOITURE"
"1752626720-39","https://dakar-auto.com/senegal/location-de-voitures-19?&page=6","Mercedes Classe C 2016","https://dakar-auto.com/senegal/location-de-voitures/occasion/location-de-voitures-1/mercedes/classe-c/annonce-134935","Mercedes Classe C 2016 Dakar","Année: 2016","100 000 F CFA","Mamelles                    
                
                                    
                        Dakar","Start& Drive"
"1752626725-40","https://dakar-auto.com/senegal/location-de-voitures-19?&page=6","Ford Fusion 2014","https://dakar-auto.com/senegal/location-de-voitures/occasion/location-de-voitures-1/ford/fusion/annonce-134945","Ford Fusion 2014 Dakar","Année: 2014","35 000 F CFA","Mermoz Sacré-Coeur                    
                
                                    
                        Dakar","Originodesign  Market"
"1752626728-41","https://dakar-auto.com/senegal/location-de-voitures-19?&page=6","Toyota Hilux 2012","https://dakar-auto.com/senegal/location-de-voitures/occasion/location-de-voitures-1/toyota/hilux/annonce-134963","Toyota Hilux 2012 Dakar","Année: 2012","40 000 F CFA","Hann Maristes                    
                
                                    
                        Dakar","travelsencar .."
"1752626733-42","https://dakar-auto.com/senegal/location-de-voitures-19?&page=6","Mitsubishi RVR 2016","https://dakar-auto.com/senegal/location-de-voitures/occasion/location-de-voitures-1/mitsubishi/rvr/annonce-134991","Mitsubishi RVR 2016 Dakar","Année: 2016","20 000 F CFA","Ouakam                    
                
                                    
                        Dakar","LOCA VOITURE  DAKAR"
"1752626736-43","https://dakar-auto.com/senegal/location-de-voitures-19?&page=6","Peugeot 5008 2017","https://dakar-auto.com/senegal/location-de-voitures/occasion/location-de-voitures-1/peugeot/5008/annonce-135035","Peugeot 5008 2017 Dakar","Année: 2017","3 F CFA","Parcelles Assainies                    
                
                                    
                        Dakar","Rasta Gadio"
"1752626739-44","https://dakar-auto.com/senegal/location-de-voitures-19?&page=6","Chevrolet Equinox 2016","https://dakar-auto.com/senegal/location-de-voitures/occasion/location-de-voitures-1/chevrolet/equinox/annonce-135047","Chevrolet Equinox 2016 Dakar","Année: 2016","30 000 F CFA","Cité Keur gorgui                    
                
                                    
                        Dakar","Augustin  Ndiaye"
"1752626742-45","https://dakar-auto.com/senegal/location-de-voitures-19?&page=6","Hyundai Santa Fe 2016","https://dakar-auto.com/senegal/location-de-voitures/occasion/location-de-voitures-1/hyundai/santa-fe/annonce-135109","Hyundai Santa Fe 2016 Dakar","Année: 2016","25 000 F CFA","Sicap Foire                    
                
                                    
                        Dakar","AMautomobile ."
"1752626745-46","https://dakar-auto.com/senegal/location-de-voitures-19?&page=6","Toyota Rav 4 2016","https://dakar-auto.com/senegal/location-de-voitures/occasion/location-de-voitures-1/toyota/rav-4/annonce-135113","Toyota Rav 4 2016 Dakar","Année: 2016","30 000 F CFA","Yoff                    
                
                                    
                        Dakar","A vos  services"
"1752626748-47","https://dakar-auto.com/senegal/location-de-voitures-19?&page=6","Peugeot Partner 2016","https://dakar-auto.com/senegal/location-de-voitures/occasion/location-de-voitures-1/peugeot/partner/annonce-135122","Peugeot Partner 2016 Dakar","Année: 2016","25 000 F CFA","Ngor                    
                
                                    
                        Dakar","J. M"
"1752626752-48","https://dakar-auto.com/senegal/location-de-voitures-19?&page=6","Hyundai Tucson 2016","https://dakar-auto.com/senegal/location-de-voitures/occasion/location-de-voitures-1/hyundai/tucson/annonce-135128","Hyundai Tucson 2016 Dakar","Année: 2016","40 000 F CFA","Liberté 2                    
                
                                    
                        Dakar","SEN  BAZAR"
"1752626757-49","https://dakar-auto.com/senegal/location-de-voitures-19?&page=6","Kia Sorento 2016","https://dakar-auto.com/senegal/location-de-voitures/occasion/location-de-voitures-1/kia/sorento/annonce-135145","Kia Sorento 2016 Dakar","Année: 2016","40 000 F CFA","Yoff                    
                
                                    
                        Dakar","Abdia ..."
"1752626761-50","https://dakar-auto.com/senegal/location-de-voitures-19?&page=6","Kia Sportage 2016","https://dakar-auto.com/senegal/location-de-voitures/occasion/location-de-voitures-1/kia/sportage/annonce-135158","Kia Sportage 2016 Dakar","Année: 2016","30 000 F CFA","Yoff                    
                
                                    
                        Dakar","A vos  services"
"1752626765-51","https://dakar-auto.com/senegal/location-de-voitures-19?&page=6","Jeep GRAND-CHEROKEE-LIMITED 2020","https://dakar-auto.com/senegal/location-de-voitures/occasion/location-de-voitures-1/jeep/grand-cherokee-limited/annonce-135180","Jeep GRAND-CHEROKEE-LIMITED 2020 Dakar","Année: 2020","100 000 F CFA","Sicap Liberté                    
                
                                    
                        Dakar","Khardiata  LY"
"1752626770-52","https://dakar-auto.com/senegal/location-de-voitures-19?&page=6","Hyundai Santa Fe 2018","https://dakar-auto.com/senegal/location-de-voitures/occasion/location-de-voitures-1/hyundai/santa-fe/annonce-135181","Hyundai Santa Fe 2018 Dakar","Année: 2018","50 000 F CFA","Sicap Liberté                    
                
                                    
                        Dakar","Khardiata  LY"
"1752626773-53","https://dakar-auto.com/senegal/location-de-voitures-19?&page=6","Kia Sportage 2016","https://dakar-auto.com/senegal/location-de-voitures/occasion/location-de-voitures-1/kia/sportage/annonce-134685","Kia Sportage 2016 Dakar","Année: 2016","25 000 F CFA","Ngor                    
                
                                    
                        Dakar","Alcine ."
"1752626776-54","https://dakar-auto.com/senegal/location-de-voitures-19?&page=6","Hyundai Accent 2015","https://dakar-auto.com/senegal/location-de-voitures/occasion/location-de-voitures-1/hyundai/accent/annonce-135202","Hyundai Accent 2015 Dakar","125000 km","30 000 F CFA","Yoff                    
                
                                    
                        Dakar","Penda NDIAYE"
"1752626781-55","https://dakar-auto.com/senegal/location-de-voitures-19?&page=6","Nissan ROGUE 2016","https://dakar-auto.com/senegal/location-de-voitures/occasion/location-de-voitures-1/nissan/rogue/annonce-135204","Nissan ROGUE 2016 Dakar","Année: 2016","35 000 F CFA","Parcelles Assainies                    
                
                                    
                        Dakar","XLOC ."
"1752626789-56","https://dakar-auto.com/senegal/location-de-voitures-19?&page=5","Ford ESCAPE-SE 2012","https://dakar-auto.com/senegal/location-de-voitures/occasion/location-de-voitures-1/ford/escape-se/annonce-135206","Ford ESCAPE-SE 2012 Dakar","Année: 2012","35 000 F CFA","Parcelles Assainies                    
                
                                    
                        Dakar","XLOC ."
"1752626792-57","https://dakar-auto.com/senegal/location-de-voitures-19?&page=5","Ford ESCAPE-SE 2016","https://dakar-auto.com/senegal/location-de-voitures/occasion/location-de-voitures-1/ford/escape-se/annonce-135213","Ford ESCAPE-SE 2016 Dakar","Année: 2016","35 000 F CFA","Almadies                    
                
                                    
                        Dakar","ahmad ."
"1752626796-58","https://dakar-auto.com/senegal/location-de-voitures-19?&page=5","Peugeot 308 2012","https://dakar-auto.com/senegal/location-de-voitures/occasion/location-de-voitures-1/peugeot/308/annonce-135228","Peugeot 308 2012 Dakar","Année: 2012","20 000 F CFA","Keur Massar                    
                
                                    
                        Dakar","Lamine  Djitte"
"1752626800-59","https://dakar-auto.com/senegal/location-de-voitures-19?&page=5","Citroen C3 2019","https://dakar-auto.com/senegal/location-de-voitures/occasion/location-de-voitures-1/citroen/c3/annonce-135232","Citroen C3 2019 Dakar","Année: 2019","25 000 F CFA","Yoff                    
                
                                    
                        Dakar","A vos  services"
"1752626805-60","https://dakar-auto.com/senegal/location-de-voitures-19?&page=5","Ford Focus 2016","https://dakar-auto.com/senegal/location-de-voitures/occasion/location-de-voitures-1/ford/focus/annonce-135233","Ford Focus 2016 Dakar","Année: 2016","20 000 F CFA","Yoff                    
                
                                    
                        Dakar","A vos  services"
"1752626808-61","https://dakar-auto.com/senegal/location-de-voitures-19?&page=5","Toyota Avensis 2014","https://dakar-auto.com/senegal/location-de-voitures/occasion/location-de-voitures-1/toyota/avensis/annonce-135299","Toyota Avensis 2014 Dakar","Année: 2014","20 000 F CFA","Fass                    
                
                                    
                        Kaolack","Easy_Trip_ Sen"
"1752626811-62","https://dakar-auto.com/senegal/location-de-voitures-19?&page=5","Ford ESCAPE-SE 2013","https://dakar-auto.com/senegal/location-de-voitures/occasion/location-de-voitures-1/ford/escape-se/annonce-135300","Ford ESCAPE-SE 2013 Dakar","Année: 2013","30 000 F CFA","Fass                    
                
                                    
                        Kaolack","Easy_Trip_ Sen"
"1752626815-63","https://dakar-auto.com/senegal/location-de-voitures-19?&page=5","Ford Focus 2016","https://dakar-auto.com/senegal/location-de-voitures/occasion/location-de-voitures-1/ford/focus/annonce-135129","Ford Focus 2016 Dakar","Année: 2016","25 000 F CFA","Médina                    
                
                                    
                        Dakar","SEN  BAZAR"
"1752626818-64","https://dakar-auto.com/senegal/location-de-voitures-19?&page=5","Ford Escape-Titanium 2016","https://dakar-auto.com/senegal/location-de-voitures/occasion/location-de-voitures-1/ford/escape-titanium/annonce-135383","Ford Escape-Titanium 2016 Dakar","Année: 2016","35 000 F CFA","VDN                    
                
                                    
                        Dakar","MODOU  LO"
"1752626822-65","https://dakar-auto.com/senegal/location-de-voitures-19?&page=5","Ford ESCAPE-SE 2014","https://dakar-auto.com/senegal/location-de-voitures/occasion/location-de-voitures-1/ford/escape-se/annonce-135386","Ford ESCAPE-SE 2014 Dakar","Année: 2014","30 000 F CFA","Plateau                    
                
                                    
                        Dakar","Abibatou  Diop"
"1752626825-66","https://dakar-auto.com/senegal/location-de-voitures-19?&page=5","Hyundai Sonata 2013","https://dakar-auto.com/senegal/location-de-voitures/occasion/location-de-voitures-1/hyundai/sonata/annonce-135392","Hyundai Sonata 2013 Dakar","Année: 2013","25 000 F CFA","VDN                    
                
                                    
                        Dakar","MODOU  LO"
"1752626830-67","https://dakar-auto.com/senegal/location-de-voitures-19?&page=5","Ford Fusion 2013","https://dakar-auto.com/senegal/location-de-voitures/occasion/location-de-voitures-1/ford/fusion/annonce-135441","Ford Fusion 2013 Dakar","Année: 2013","35 000 F CFA","Mermoz Sacré-Coeur                    
                
                                    
                        Dakar","Originodesign  Market"
"1752626835-68","https://dakar-auto.com/senegal/location-de-voitures-19?&page=5","Hyundai mini-bus-hyundai 2013","https://dakar-auto.com/senegal/location-de-voitures/occasion/location-de-voitures-1/hyundai/mini-bus-hyundai/annonce-135452","Hyundai mini-bus-hyundai 2013 Dakar","Année: 2013","60 000 F CFA","Ouakam                    
                
                                    
                        Dakar","SYLLA BUSINESS  GROUP"
"1752626843-69","https://dakar-auto.com/senegal/location-de-voitures-19?&page=5","Ford ESCAPE-SE 2014","https://dakar-auto.com/senegal/location-de-voitures/occasion/location-de-voitures-1/ford/escape-se/annonce-135454","Ford ESCAPE-SE 2014 Dakar","Année: 2014","35 000 F CFA","Ouakam                    
                
                                    
                        Dakar","SYLLA BUSINESS  GROUP"
"1752626847-70","https://dakar-auto.com/senegal/location-de-voitures-19?&page=5","Mercedes ML 350 2016","https://dakar-auto.com/senegal/location-de-voitures/occasion/location-de-voitures-1/mercedes/ml-350/annonce-135459","Mercedes ML 350 2016 Dakar","Année: 2016","60 000 F CFA","Yoff                    
                
                                    
                        Dakar","A vos  services"
"1752626851-71","https://dakar-auto.com/senegal/location-de-voitures-19?&page=5","Ford Explorer 2016","https://dakar-auto.com/senegal/location-de-voitures/occasion/location-de-voitures-1/ford/explorer/annonce-135461","Ford Explorer 2016 Dakar","Année: 2016","60 000 F CFA","Yoff                    
                
                                    
                        Dakar","A vos  services"
"1752626854-72","https://dakar-auto.com/senegal/location-de-voitures-19?&page=5","Toyota Hilux 2016","https://dakar-auto.com/senegal/location-de-voitures/occasion/location-de-voitures-1/toyota/hilux/annonce-135490","Toyota Hilux 2016 Dakar","Année: 2016","50 000 F CFA","Grand-Dakar                    
                
                                    
                        Dakar","Bouly  DIEDHIOU"
"1752626858-73","https://dakar-auto.com/senegal/location-de-voitures-19?&page=5","Toyota Hiace 2021","https://dakar-auto.com/senegal/location-de-voitures/occasion/location-de-voitures-1/toyota/hiace/annonce-135505","Toyota Hiace 2021 Dakar","Année: 2021","70 000 F CFA","Ouakam                    
                
                                    
                        Dakar","SYLLA BUSINESS  GROUP"
"1752626861-74","https://dakar-auto.com/senegal/location-de-voitures-19?&page=5","Hyundai Elantra 2013","https://dakar-auto.com/senegal/location-de-voitures/occasion/location-de-voitures-1/hyundai/elantra/annonce-135566","Hyundai Elantra 2013 Dakar","Année: 2013","30 000 F CFA","Nord Foire                    
                
                                    
                        Dakar","Julie  Campara"
"1752626865-75","https://dakar-auto.com/senegal/location-de-voitures-19?&page=5","Hyundai Tucson 2016","https://dakar-auto.com/senegal/location-de-voitures/occasion/location-de-voitures-1/hyundai/tucson/annonce-135702","Hyundai Tucson 2016 Dakar","Année: 2016","30 000 F CFA","Liberté 4                    
                
                                    
                        Dakar","Caroline ,"
"1752626872-76","https://dakar-auto.com/senegal/location-de-voitures-19?&page=4","Ford ESCAPE-SE 2016","https://dakar-auto.com/senegal/location-de-voitures/occasion/location-de-voitures-1/ford/escape-se/annonce-135753","Ford ESCAPE-SE 2016 Dakar","Année: 2016","40 000 F CFA","Yoff                    
                
                                    
                        Dakar","Babacar ba  résidence"
"1752626875-77","https://dakar-auto.com/senegal/location-de-voitures-19?&page=4","Peugeot 308 2012","https://dakar-auto.com/senegal/location-de-voitures/occasion/location-de-voitures-1/peugeot/308/annonce-135756","Peugeot 308 2012 Dakar","Année: 2012","25 000 F CFA","Mamelles                    
                
                                    
                        Dakar","Auto business  Dakar"
"1752626878-78","https://dakar-auto.com/senegal/location-de-voitures-19?&page=4","Toyota Hilux 2018","https://dakar-auto.com/senegal/location-de-voitures/occasion/location-de-voitures-1/toyota/hilux/annonce-135761","Toyota Hilux 2018 Dakar","Année: 2018","30 000 F CFA","Hann Bel-Air                    
                
                                    
                        Dakar","PAPIEX ."
"1752626881-79","https://dakar-auto.com/senegal/location-de-voitures-19?&page=4","Ford Edge 2014","https://dakar-auto.com/senegal/location-de-voitures/occasion/location-de-voitures-1/ford/edge/annonce-135787","Ford Edge 2014 Dakar","Année: 2014","30 000 F CFA","Médina                    
                
                                    
                        Dakar","Cheikh ."
"1752626885-80","https://dakar-auto.com/senegal/location-de-voitures-19?&page=4","Ford Fusion 2016","https://dakar-auto.com/senegal/location-de-voitures/occasion/location-de-voitures-1/ford/fusion/annonce-135835","Ford Fusion 2016 Dakar","Année: 2016","35 000 F CFA","Dieuppeul Derklé                    
                
                                    
                        Dakar","Lendom  Zefff"
"1752626890-81","https://dakar-auto.com/senegal/location-de-voitures-19?&page=4","Hyundai Elantra 2014","https://dakar-auto.com/senegal/location-de-voitures/occasion/location-de-voitures-1/hyundai/elantra/annonce-135862","Hyundai Elantra 2014 Dakar","Année: 2014","25 000 F CFA","Amitié                    
                
                                    
                        Dakar","peezy ."
"1752626895-82","https://dakar-auto.com/senegal/location-de-voitures-19?&page=4","Ford Flex-limited 2019","https://dakar-auto.com/senegal/location-de-voitures/occasion/location-de-voitures-1/ford/flex-limited/annonce-135869","Ford Flex-limited 2019 Dakar","Année: 2019","55 000 F CFA","Hann Maristes                    
                
                                    
                        Dakar","DIOP ."
"1752626898-83","https://dakar-auto.com/senegal/location-de-voitures-19?&page=4","Chevrolet Cruze 2016","https://dakar-auto.com/senegal/location-de-voitures/occasion/location-de-voitures-1/chevrolet/cruze/annonce-135926","Chevrolet Cruze 2016 Dakar","Année: 2016","25 000 F CFA","Almadies                    
                
                                    
                        Dakar","Moustapha SAMBA"
"1752626903-84","https://dakar-auto.com/senegal/location-de-voitures-19?&page=4","Hyundai Tucson 2015","https://dakar-auto.com/senegal/location-de-voitures/occasion/location-de-voitures-1/hyundai/tucson/annonce-135942","Hyundai Tucson 2015 Dakar","Année: 2015","35 000 F CFA","Liberté 2                    
                
                                    
                        Dakar","SEN  BAZAR"
"1752626907-85","https://dakar-auto.com/senegal/location-de-voitures-19?&page=4","Toyota Corolla 2010","https://dakar-auto.com/senegal/location-de-voitures/occasion/location-de-voitures-1/toyota/corolla/annonce-136001","Toyota Corolla 2010 Dakar","1 km","3 000 000 F CFA","Fann                    
                
                                    
                        Dakar","KONTE  SERVICES"
"1752626911-86","https://dakar-auto.com/senegal/location-de-voitures-19?&page=4","Hyundai Elantra 2014","https://dakar-auto.com/senegal/location-de-voitures/occasion/location-de-voitures-1/hyundai/elantra/annonce-135357","Hyundai Elantra 2014 Dakar","Année: 2014","30 000 F CFA","Fann                    
                
                                    
                        Dakar","KONTE  SERVICES"
"1752626915-87","https://dakar-auto.com/senegal/location-de-voitures-19?&page=4","Fiat Freemont 2015","https://dakar-auto.com/senegal/location-de-voitures/occasion/location-de-voitures-1/fiat/freemont/annonce-136060","Fiat Freemont 2015 Dakar","Année: 2015","50 000 F CFA","Guédiawaye                    
                
                                    
                        Dakar","Fall ."
"1752626919-88","https://dakar-auto.com/senegal/location-de-voitures-19?&page=4","Mercedes ML 350 2014","https://dakar-auto.com/senegal/location-de-voitures/occasion/location-de-voitures-1/mercedes/ml-350/annonce-134992","Mercedes ML 350 2014 Dakar","Année: 2014","40 000 F CFA","Ouakam                    
                
                                    
                        Dakar","LOCA VOITURE  DAKAR"
"1752626922-89","https://dakar-auto.com/senegal/location-de-voitures-19?&page=4","Ford Edge 2014","https://dakar-auto.com/senegal/location-de-voitures/occasion/location-de-voitures-1/ford/edge/annonce-136108","Ford Edge 2014 Dakar","Année: 2014","40 000 F CFA","Ouakam                    
                
                                    
                        Dakar","VPS  SERVICES"
"1752626926-90","https://dakar-auto.com/senegal/location-de-voitures-19?&page=4","Ford Fiesta 2014","https://dakar-auto.com/senegal/location-de-voitures/occasion/location-de-voitures-1/ford/fiesta/annonce-136149","Ford Fiesta 2014 Dakar","Année: 2014","25 000 F CFA","Grand-Dakar                    
                
                                    
                        Dakar","Feudze  Immo & services"
"1752626930-91","https://dakar-auto.com/senegal/location-de-voitures-19?&page=4","Chrysler 200s 2017","https://dakar-auto.com/senegal/location-de-voitures/occasion/location-de-voitures-1/chrysler/200s/annonce-136153","Chrysler 200s 2017 Dakar","Année: 2017","35 000 F CFA","VDN                    
                
                                    
                        Dakar","ahmed  cheikhouna"
"1752626934-92","https://dakar-auto.com/senegal/location-de-voitures-19?&page=4","Kia Sportage 2016","https://dakar-auto.com/senegal/location-de-voitures/occasion/location-de-voitures-1/kia/sportage/annonce-136151","Kia Sportage 2016 Dakar","Année: 2016","30 000 F CFA","Dalifort                    
                
                                    
                        Dakar","Caroline ,"
"1752626937-93","https://dakar-auto.com/senegal/location-de-voitures-19?&page=4","Volkswagen Jetta 2014","https://dakar-auto.com/senegal/location-de-voitures/occasion/location-de-voitures-1/volkswagen/jetta/annonce-136169","Volkswagen Jetta 2014 Dakar","Année: 2014","20 000 F CFA","Yoff                    
                
                                    
                        Dakar","A vos  services"
"1752626941-94","https://dakar-auto.com/senegal/location-de-voitures-19?&page=4","Kia Sportage 2016","https://dakar-auto.com/senegal/location-de-voitures/occasion/location-de-voitures-1/kia/sportage/annonce-136057","Kia Sportage 2016 Dakar","Année: 2016","30 000 F CFA","Yoff                    
                
                                    
                        Dakar","A vos  services"
"1752626947-95","https://dakar-auto.com/senegal/location-de-voitures-19?&page=4","Kia Optima 2016","https://dakar-auto.com/senegal/location-de-voitures/occasion/location-de-voitures-1/kia/optima/annonce-135146","Kia Optima 2016 Dakar","Année: 2016","40 000 F CFA","Yoff                    
                
                                    
                        Dakar","Abdia ..."
"1752626955-96","https://dakar-auto.com/senegal/location-de-voitures-19?&page=3","Hyundai Starex-12-places 2013","https://dakar-auto.com/senegal/location-de-voitures/occasion/location-de-voitures-1/hyundai/starex-12-places/annonce-136301","Hyundai Starex-12-places 2013 Dakar","Année: 2013","60 000 F CFA","Ouakam                    
                
                                    
                        Dakar","SYLLA BUSINESS  GROUP"
"1752626959-97","https://dakar-auto.com/senegal/location-de-voitures-19?&page=3","Skoda fabia 2016","https://dakar-auto.com/senegal/location-de-voitures/occasion/location-de-voitures-1/skoda/fabia/annonce-136377","Skoda fabia 2016 Dakar","Année: 2016","25 000 F CFA","Hlm                    
                
                                    
                        Dakar","DAKAR MOTORS  PRO-SUARL"
"1752626963-98","https://dakar-auto.com/senegal/location-de-voitures-19?&page=3","Hyundai Sonata 2016","https://dakar-auto.com/senegal/location-de-voitures/occasion/location-de-voitures-1/hyundai/sonata/annonce-136397","Hyundai Sonata 2016 Dakar","Année: 2016","25 000 F CFA","VDN                    
                
                                    
                        Dakar","MODOU  LO"
"1752626966-99","https://dakar-auto.com/senegal/location-de-voitures-19?&page=3","Toyota Hilux 2016","https://dakar-auto.com/senegal/location-de-voitures/occasion/location-de-voitures-1/toyota/hilux/annonce-136406","Toyota Hilux 2016 Dakar","Année: 2016","40 000 F CFA","Diamaguene Sicap Mbao                    
                
                                    
                        Dakar","Cartel ."
"1752626969-100","https://dakar-auto.com/senegal/location-de-voitures-19?&page=3","Nissan Pathfinder 2014","https://dakar-auto.com/senegal/location-de-voitures/occasion/location-de-voitures-1/nissan/pathfinder/annonce-136457","Nissan Pathfinder 2014 Dakar","Année: 2014","40 000 F CFA","Ouakam                    
                
                                    
                        Dakar","LOCA VOITURE  DAKAR"
"1752626974-101","https://dakar-auto.com/senegal/location-de-voitures-19?&page=3","Chrysler 200s 2015","https://dakar-auto.com/senegal/location-de-voitures/occasion/location-de-voitures-1/chrysler/200s/annonce-136462","Chrysler 200s 2015 Dakar","Année: 2015","30 000 F CFA","Fann                    
                
                                    
                        Dakar","Jules  BADJI"
"1752626979-102","https://dakar-auto.com/senegal/location-de-voitures-19?&page=3","Ford Fusion 2014","https://dakar-auto.com/senegal/location-de-voitures/occasion/location-de-voitures-1/ford/fusion/annonce-136473","Ford Fusion 2014 Dakar","Année: 2014","25 000 F CFA","Patte d'oie                    
                
                                    
                        Dakar","Trade Company"
"1752626983-103","https://dakar-auto.com/senegal/location-de-voitures-19?&page=3","Ford scape 2017","https://dakar-auto.com/senegal/location-de-voitures/occasion/location-de-voitures-1/ford/scape/annonce-136495","Ford scape 2017 Dakar","Année: 2017","35 000 F CFA","VDN                    
                
                                    
                        Dakar","Valer NDOUBA"
"1752626986-104","https://dakar-auto.com/senegal/location-de-voitures-19?&page=3","Hyundai Tucson 2017","https://dakar-auto.com/senegal/location-de-voitures/occasion/location-de-voitures-1/hyundai/tucson/annonce-136496","Hyundai Tucson 2017 Dakar","Année: 2017","35 000 F CFA","VDN                    
                
                                    
                        Dakar","Valer NDOUBA"
"1752626992-105","https://dakar-auto.com/senegal/location-de-voitures-19?&page=3","Jeep Cherokee 2020","https://dakar-auto.com/senegal/location-de-voitures/occasion/location-de-voitures-1/jeep/cherokee/annonce-136534","Jeep Cherokee 2020 Dakar","Année: 2020","50 000 F CFA","Yoff                    
                
                                    
                        Dakar","A vos  services"
"1752626998-106","https://dakar-auto.com/senegal/location-de-voitures-19?&page=3","Kia K5 2016","https://dakar-auto.com/senegal/location-de-voitures/occasion/location-de-voitures-1/kia/k5/annonce-136533","Kia K5 2016 Dakar","Année: 2016","1 F CFA","Yoff                    
                
                                    
                        Dakar","A vos  services"
"1752627001-107","https://dakar-auto.com/senegal/location-de-voitures-19?&page=3","Toyota Hilux 2014","https://dakar-auto.com/senegal/location-de-voitures/occasion/location-de-voitures-1/toyota/hilux/annonce-136543","Toyota Hilux 2014 Dakar","Année: 2014","50 000 F CFA","Bel Air                    
                
                                    
                        Dakar","travelsencar .."
"1752627006-108","https://dakar-auto.com/senegal/location-de-voitures-19?&page=3","Ford Edge 2016","https://dakar-auto.com/senegal/location-de-voitures/occasion/location-de-voitures-1/ford/edge/annonce-136109","Ford Edge 2016 Dakar","Année: 2016","40 000 F CFA","Ouakam                    
                
                                    
                        Dakar","VPS  SERVICES"
"1752627012-109","https://dakar-auto.com/senegal/location-de-voitures-19?&page=3","Toyota Rav 4 2017","https://dakar-auto.com/senegal/location-de-voitures/occasion/location-de-voitures-1/toyota/rav-4/annonce-136576","Toyota Rav 4 2017 Dakar","Année: 2017","40 000 F CFA","Hlm                    
                
                                    
                        Dakar","Taiba Immo  Services"
"1752627015-110","https://dakar-auto.com/senegal/location-de-voitures-19?&page=3","Mitsubishi L200 2016","https://dakar-auto.com/senegal/location-de-voitures/occasion/location-de-voitures-1/mitsubishi/l200/annonce-136602","Mitsubishi L200 2016 Dakar","Année: 2016","35 000 F CFA","Parcelles Assainies                    
                
                                    
                        Dakar","Lamine  Fall"
"1752627020-111","https://dakar-auto.com/senegal/location-de-voitures-19?&page=3","Ford Fusion 2016","https://dakar-auto.com/senegal/location-de-voitures/occasion/location-de-voitures-1/ford/fusion/annonce-136639","Ford Fusion 2016 Dakar","Année: 2016","40 000 F CFA","Yoff                    
                
                                    
                        Dakar","Babacar ba  résidence"
"1752627025-112","https://dakar-auto.com/senegal/location-de-voitures-19?&page=3","Hyundai Tucson 2016","https://dakar-auto.com/senegal/location-de-voitures/occasion/location-de-voitures-1/hyundai/tucson/annonce-136650","Hyundai Tucson 2016 Dakar","Année: 2016","35 000 F CFA","Liberté 2                    
                
                                    
                        Dakar","Elhadj ben  abdallah"
"1752627029-113","https://dakar-auto.com/senegal/location-de-voitures-19?&page=3","Ford Transit 2016","https://dakar-auto.com/senegal/location-de-voitures/occasion/location-de-voitures-1/ford/transit/annonce-136680","Ford Transit 2016 Dakar","Année: 2016","60 000 F CFA","Médina                    
                
                                    
                        Dakar","Kena Impact  Groupes"
"1752627035-114","https://dakar-auto.com/senegal/location-de-voitures-19?&page=3","Ford Fusion 2013","https://dakar-auto.com/senegal/location-de-voitures/occasion/location-de-voitures-1/ford/fusion/annonce-136723","Ford Fusion 2013 Dakar","Année: 2013","45 000 F CFA","Ouest Foire                    
                
                                    
                        Dakar","Lamine Konare"
"1752627041-115","https://dakar-auto.com/senegal/location-de-voitures-19?&page=3","Ford Fusion 2014","https://dakar-auto.com/senegal/location-de-voitures/occasion/location-de-voitures-1/ford/fusion/annonce-136722","Ford Fusion 2014 Dakar","Année: 2014","45 000 F CFA","Ouest Foire                    
                
                                    
                        Dakar","Lamine Konare"
"1752627048-116","https://dakar-auto.com/senegal/location-de-voitures-19?&page=2","Hyundai Sonata 2014","https://dakar-auto.com/senegal/location-de-voitures/occasion/location-de-voitures-1/hyundai/sonata/annonce-136720","Hyundai Sonata 2014 Dakar","Année: 2014","30 000 F CFA","Hann Maristes                    
                
                                    
                        Dakar","Babs Motos,  Scooters"
"1752627055-117","https://dakar-auto.com/senegal/location-de-voitures-19?&page=2","Ford Edge 2018","https://dakar-auto.com/senegal/location-de-voitures/occasion/location-de-voitures-1/ford/edge/annonce-136739","Ford Edge 2018 Dakar","Année: 2018","60 000 F CFA","Grand-Yoff                    
                
                                    
                        Dakar","Atlantic  auto"
"1752627058-118","https://dakar-auto.com/senegal/location-de-voitures-19?&page=2","Renault Camion-Frigo-meldium-220CDI 2010","https://dakar-auto.com/senegal/location-de-voitures/occasion/location-de-voitures-1/renault/camion-frigo-meldium-220cdi/annonce-136730","Renault Camion-Frigo-meldium-220CDI 2010 Dakar","Année: 2010","50 000 F CFA","Parcelles Assainies                    
                
                                    
                        Dakar","NAWANAM SUARL"
"1752627062-119","https://dakar-auto.com/senegal/location-de-voitures-19?&page=2","Isuzu CAMIONNETTE 2010","https://dakar-auto.com/senegal/location-de-voitures/occasion/location-de-voitures-1/isuzu/camionnette/annonce-136731","Isuzu CAMIONNETTE 2010 Dakar","Année: 2010","35 000 F CFA","Parcelles Assainies                    
                
                                    
                        Dakar","NAWANAM SUARL"
"1752627066-120","https://dakar-auto.com/senegal/location-de-voitures-19?&page=2","Renault premium-270-dci-frigo 2010","https://dakar-auto.com/senegal/location-de-voitures/occasion/location-de-voitures-1/renault/premium-270-dci-frigo/annonce-136729","Renault premium-270-dci-frigo 2010 Dakar","Année: 2010","70 000 F CFA","Parcelles Assainies                    
                
                                    
                        Dakar","NAWANAM SUARL"
"1752627070-121","https://dakar-auto.com/senegal/location-de-voitures-19?&page=2","Chevrolet Cruze 2013","https://dakar-auto.com/senegal/location-de-voitures/occasion/location-de-voitures-1/chevrolet/cruze/annonce-136931","Chevrolet Cruze 2013 Dakar","Année: 2013","25 000 F CFA","Sicap Sacré Coeur                    
                
                                    
                        Dakar","Amadou  gaye"
"1752627073-122","https://dakar-auto.com/senegal/location-de-voitures-19?&page=2","Hyundai Elantra 2015","https://dakar-auto.com/senegal/location-de-voitures/occasion/location-de-voitures-1/hyundai/elantra/annonce-136615","Hyundai Elantra 2015 Dakar","Année: 2015","30 000 F CFA","Médina                    
                
                                    
                        Dakar","SEN  BAZAR"
"1752627076-123","https://dakar-auto.com/senegal/location-de-voitures-19?&page=2","Hyundai Accent 2020","https://dakar-auto.com/senegal/location-de-voitures/occasion/location-de-voitures-1/hyundai/accent/annonce-137025","Hyundai Accent 2020 Dakar","Année: 2020","50 000 F CFA","Mbour                    
                
                                    
                        Thiès","Yva Ndour"
"1752627080-124","https://dakar-auto.com/senegal/location-de-voitures-19?&page=2","Ford Edge 2015","https://dakar-auto.com/senegal/location-de-voitures/occasion/location-de-voitures-1/ford/edge/annonce-137027","Ford Edge 2015 Dakar","Année: 2015","45 000 F CFA","Point-E                    
                
                                    
                        Dakar","TECHZONE ."
"1752627083-125","https://dakar-auto.com/senegal/location-de-voitures-19?&page=2","Renault Espace 2019","https://dakar-auto.com/senegal/location-de-voitures/occasion/location-de-voitures-1/renault/espace/annonce-137029","Renault Espace 2019 Dakar","Année: 2019","10 000 F CFA","Ouakam                    
                
                                    
                        Dakar","Boutik Promo"
"1752627087-126","https://dakar-auto.com/senegal/location-de-voitures-19?&page=2","Hyundai Atos 2019","https://dakar-auto.com/senegal/location-de-voitures/occasion/location-de-voitures-1/hyundai/atos/annonce-137030","Hyundai Atos 2019 Dakar","Année: 2019","30 000 F CFA","Liberté 6                    
                
                                    
                        Dakar","Car Service Dakar"
"1752627090-127","https://dakar-auto.com/senegal/location-de-voitures-19?&page=2","Ford ESCAPE-SE 2019","https://dakar-auto.com/senegal/location-de-voitures/occasion/location-de-voitures-1/ford/escape-se/annonce-137028","Ford ESCAPE-SE 2019 Dakar","Année: 2019","35 000 F CFA","Cité Keur gorgui                    
                
                                    
                        Dakar","Madiba Auto rent"
"1752627094-128","https://dakar-auto.com/senegal/location-de-voitures-19?&page=2","Kia Sorento 2020","https://dakar-auto.com/senegal/location-de-voitures/occasion/location-de-voitures-1/kia/sorento/annonce-137032","Kia Sorento 2020 Dakar","Année: 2020","40 000 F CFA","Yoff                    
                
                                    
                        Dakar","Abdia ..."
"1752627098-129","https://dakar-auto.com/senegal/location-de-voitures-19?&page=2","Ford Explorer 2019","https://dakar-auto.com/senegal/location-de-voitures/occasion/location-de-voitures-1/ford/explorer/annonce-137037","Ford Explorer 2019 Dakar","Année: 2019","60 000 F CFA","Yoff                    
                
                                    
                        Dakar","A vos  services"
"1752627101-130","https://dakar-auto.com/senegal/location-de-voitures-19?&page=2","Hyundai Elantra 2014","https://dakar-auto.com/senegal/location-de-voitures/occasion/location-de-voitures-1/hyundai/elantra/annonce-137036","Hyundai Elantra 2014 Dakar","Année: 2014","30 000 F CFA","Médina                    
                
                                    
                        Dakar","SEN  BAZAR"
"1752627104-131","https://dakar-auto.com/senegal/location-de-voitures-19?&page=2","Ford Fusion 2015","https://dakar-auto.com/senegal/location-de-voitures/occasion/location-de-voitures-1/ford/fusion/annonce-137035","Ford Fusion 2015 Dakar","Année: 2015","30 000 F CFA","Médina                    
                
                                    
                        Dakar","SEN  BAZAR"
"1752627107-132","https://dakar-auto.com/senegal/location-de-voitures-19?&page=2","Ford titanium 2020","https://dakar-auto.com/senegal/location-de-voitures/occasion/location-de-voitures-1/ford/titanium/annonce-137034","Ford titanium 2020 Dakar","Année: 2020","40 000 F CFA","Médina                    
                
                                    
                        Dakar","BS Auto"
"1752627111-133","https://dakar-auto.com/senegal/location-de-voitures-19?&page=2","Ford Fusion 2020","https://dakar-auto.com/senegal/location-de-voitures/occasion/location-de-voitures-1/ford/fusion/annonce-137033","Ford Fusion 2020 Dakar","Année: 2020","35 000 F CFA","Biscuiterie                    
                
                                    
                        Dakar","Evrad  Peter"
"1752627120-134","https://dakar-auto.com/senegal/location-de-voitures-19?&page=2","Bmw Serie 5 2014","https://dakar-auto.com/senegal/location-de-voitures/occasion/location-de-voitures-1/bmw/serie-5/annonce-137054","Bmw Serie 5 2014 Dakar","Année: 2014","70 000 F CFA","Virage                    
                
                                    
                        Dakar","Coulibaly  Mamadou"
"1752627124-135","https://dakar-auto.com/senegal/location-de-voitures-19?&page=2","Kia Optima 2014","https://dakar-auto.com/senegal/location-de-voitures/occasion/location-de-voitures-1/kia/optima/annonce-137084","Kia Optima 2014 Dakar","Année: 2014","25 000 F CFA","Ouakam                    
                
                                    
                        Dakar","Valer NDOUBA"
"1752627133-136","https://dakar-auto.com/senegal/location-de-voitures-19?&page=1","Ford Fusion 2013","https://dakar-auto.com/senegal/location-de-voitures/occasion/location-de-voitures-1/ford/fusion/annonce-137304","Ford Fusion 2013 Dakar","1 km","30 000 F CFA","Point-E                    
                
                                    
                        Dakar","TECHZONE ."
"1752627136-137","https://dakar-auto.com/senegal/location-de-voitures-19?&page=1","Citroen Ds4 2014","https://dakar-auto.com/senegal/location-de-voitures/occasion/location-de-voitures-1/citroen/ds4/annonce-137347","Citroen Ds4 2014 Dakar","Année: 2014","30 000 F CFA","Guédiawaye                    
                
                                    
                        Dakar","unicar UNICAR"
"1752627139-138","https://dakar-auto.com/senegal/location-de-voitures-19?&page=1","Ford Minibus 2015","https://dakar-auto.com/senegal/location-de-voitures/occasion/location-de-voitures-1/ford/minibus/annonce-137402","Ford Minibus 2015 Dakar","Année: 2015","75 000 F CFA","Médina                    
                
                                    
                        Dakar","Kena Impact  Groupes"
"1752627143-139","https://dakar-auto.com/senegal/location-de-voitures-19?&page=1","Mitsubishi Asx 2014","https://dakar-auto.com/senegal/location-de-voitures/occasion/location-de-voitures-1/mitsubishi/asx/annonce-137678","Mitsubishi Asx 2014 Dakar","Année: 2014","40 000 F CFA","Ouest Foire                    
                
                                    
                        Dakar","Rent Auto"
"1752627147-140","https://dakar-auto.com/senegal/location-de-voitures-19?&page=1","Kia Sportage 2012","https://dakar-auto.com/senegal/location-de-voitures/occasion/location-de-voitures-1/kia/sportage/annonce-137868","Kia Sportage 2012 Dakar","Année: 2012","35 000 F CFA","Almadies                    
                
                                    
                        Dakar","Moustapha SAMBA"
"1752627152-141","https://dakar-auto.com/senegal/location-de-voitures-19?&page=1","Nissan ROGUE-SL-AWD 2015","https://dakar-auto.com/senegal/location-de-voitures/occasion/location-de-voitures-1/nissan/rogue-sl-awd/annonce-137867","Nissan ROGUE-SL-AWD 2015 Dakar","Année: 2015","35 000 F CFA","Thiès                    
                
                                    
                        Thiès","AlfaBusinessGroup BARRY"
"1752627155-142","https://dakar-auto.com/senegal/location-de-voitures-19?&page=1","Hyundai Elantra 2013","https://dakar-auto.com/senegal/location-de-voitures/occasion/location-de-voitures-1/hyundai/elantra/annonce-138103","Hyundai Elantra 2013 Dakar","Année: 2013","19 500 F CFA","Nord Foire                    
                
                                    
                        Dakar","Mouhamed Diallo"
"1752627158-143","https://dakar-auto.com/senegal/location-de-voitures-19?&page=1","Hyundai Starex-12-places 2020","https://dakar-auto.com/senegal/location-de-voitures/occasion/location-de-voitures-1/hyundai/starex-12-places/annonce-138259","Hyundai Starex-12-places 2020 Dakar","Année: 2020","50 000 F CFA","Pikine Ouest                    
                
                                    
                        Dakar","David  Niang"
"1752627165-144","https://dakar-auto.com/senegal/location-de-voitures-19?&page=1","Hyundai Sonata 2014","https://dakar-auto.com/senegal/location-de-voitures/occasion/location-de-voitures-1/hyundai/sonata/annonce-138372","Hyundai Sonata 2014 Dakar","Année: 2014","37 000 F CFA","Parcelles Assainies                    
                
                                    
                        Dakar","DRT Automobile"
"1752627172-145","https://dakar-auto.com/senegal/location-de-voitures-19?&page=1","Hyundai Sonata 2014","https://dakar-auto.com/senegal/location-de-voitures/occasion/location-de-voitures-1/hyundai/sonata/annonce-138371","Hyundai Sonata 2014 Dakar","Année: 2014","35 000 F CFA","Parcelles Assainies                    
                
                                    
                        Dakar","DRT Automobile"
"1752627176-146","https://dakar-auto.com/senegal/location-de-voitures-19?&page=1","Kia Sportage 2015","https://dakar-auto.com/senegal/location-de-voitures/occasion/location-de-voitures-1/kia/sportage/annonce-138395","Kia Sportage 2015 Dakar","Année: 2015","25 000 F CFA","Almadies                    
                
                                    
                        Dakar","Moustapha SAMBA"
"1752627185-147","https://dakar-auto.com/senegal/location-de-voitures-19?&page=1","Ford Fusion 2014","https://dakar-auto.com/senegal/location-de-voitures/occasion/location-de-voitures-1/ford/fusion/annonce-138438","Ford Fusion 2014 Dakar","10000 km","30 000 F CFA","Médina                    
                
                                    
                        Dakar","Bakay Samassa"
"1752627188-148","https://dakar-auto.com/senegal/location-de-voitures-19?&page=1","Toyota Verso 2014","https://dakar-auto.com/senegal/location-de-voitures/occasion/location-de-voitures-1/toyota/verso/annonce-138493","Toyota Verso 2014 Dakar","Année: 2014","25 000 F CFA","Mermoz Sacré-Coeur                    
                
                                    
                        Dakar","LocAuto Sénégal Location de voiture"
"1752627192-149","https://dakar-auto.com/senegal/location-de-voitures-19?&page=1","Hyundai Elantra 2015","https://dakar-auto.com/senegal/location-de-voitures/occasion/location-de-voitures-1/hyundai/elantra/annonce-138492","Hyundai Elantra 2015 Dakar","Année: 2015","20 000 F CFA","Mermoz Sacré-Coeur                    
                
                                    
                        Dakar","LocAuto Sénégal Location de voiture"
"1752627195-150","https://dakar-auto.com/senegal/location-de-voitures-19?&page=1","Hyundai Elantra 2015","https://dakar-auto.com/senegal/location-de-voitures/occasion/location-de-voitures-1/hyundai/elantra/annonce-138491","Hyundai Elantra 2015 Dakar","Année: 2015","20 000 F CFA","Mermoz Sacré-Coeur                    
                
                                    
                        Dakar","LocAuto Sénégal Location de voiture"
"1752627198-151","https://dakar-auto.com/senegal/location-de-voitures-19?&page=1","Toyota Rav 4 2020","https://dakar-auto.com/senegal/location-de-voitures/occasion/location-de-voitures-1/toyota/rav-4/annonce-138490","Toyota Rav 4 2020 Dakar","Année: 2020","35 000 F CFA","Mermoz Sacré-Coeur                    
                
                                    
                        Dakar","LocAuto Sénégal Location de voiture"
"1752627201-152","https://dakar-auto.com/senegal/location-de-voitures-19?&page=1","Ford Fusion 2015","https://dakar-auto.com/senegal/location-de-voitures/occasion/location-de-voitures-1/ford/fusion/annonce-138518","Ford Fusion 2015 Dakar","Année: 2015","35 000 F CFA","Cité Keur gorgui                    
                
                                    
                        Dakar","Pape  Cheikh automobile"
"1752627203-153","https://dakar-auto.com/senegal/location-de-voitures-19?&page=1","Ford Fiesta 2014","https://dakar-auto.com/senegal/location-de-voitures/occasion/location-de-voitures-1/ford/fiesta/annonce-138548","Ford Fiesta 2014 Dakar","Année: 2014","30 000 F CFA","Sangalkam                    
                
                                    
                        Dakar","Medoune Ndiaye"
"1752627209-154","https://dakar-auto.com/senegal/location-de-voitures-19?&page=1","Peugeot 308 2013","https://dakar-auto.com/senegal/location-de-voitures/occasion/location-de-voitures-1/peugeot/308/annonce-138621","Peugeot 308 2013 Dakar","Année: 2013","30 000 F CFA","Grand-Yoff                    
                
                                    
                        Dakar","Chic Drive"
"1752627212-155","https://dakar-auto.com/senegal/location-de-voitures-19?&page=1","Citroen Berlingo 2014","https://dakar-auto.com/senegal/location-de-voitures/occasion/location-de-voitures-1/citroen/berlingo/annonce-138611","Citroen Berlingo 2014 Dakar","Année: 2014","20 000 F CFA","Médina                    
                
                                    
                        Dakar","Chasseur  Automobile"
